"ID","USERNAME","FULL_NAME","EMAIL","PROFILE","PHOTO_FILENAME","PHOTO_BLOB","PHOTO_MIMETYPE","PHOTO_CHARSET","PHOTO_LAST_UPDATED","CREATED","CREATED_BY","UPDATED","UPDATED_BY"
"13","LOWCODE","Lowcode","","I'm the one who ran this data script to populate these demo tables.","app_user.jpg","[datatype]","image/jpeg","","12/11/2019","11-DEC-19 05.45.14.988920 AM","LOWCODE","11-DEC-19 05.45.14.988962 AM","LOWCODE"
"1","LBEATIE","Lucille Beatie","lucy.beattie@email.com","I have extensive experience running development teams. If I can't bring in a project on time and on budget it can't be done.","team_member_01.jpg","[datatype]","image/jpeg","","12/11/2019","11-DEC-19 05.45.14.990630 AM","LOWCODE","11-DEC-19 05.45.14.990688 AM","LOWCODE"
"2","NINA","Nina Herschel","nina.herschel@email.com","I'm a consumate team player who likes to explore and learn new things. My belief is to work hard and play hard.","team_member_02.jpg","[datatype]","image/jpeg","","12/11/2019","11-DEC-19 05.45.14.992081 AM","LOWCODE","11-DEC-19 05.45.14.992121 AM","LOWCODE"
"3","THALL","Tameka Hall","tamika.hall@email.com","I am all business and thrive on developing the lowest-level code. Point me at some obtuse security bug or framework API, step back, send in pizza and coke (not diet coke - YUK) occassionally, and consider it done!","team_member_03.jpg","[datatype]","image/jpeg","","12/11/2019","11-DEC-19 05.45.14.993503 AM","LOWCODE","11-DEC-19 05.45.14.993544 AM","LOWCODE"
"4","EVA","Eva Jelinek","eva.jelinek@email.com","I will tell you directly what I think and expect you to tell me the same. If you are sensitive then it may be best you don't talk to me.","team_member_04.jpg","[datatype]","image/jpeg","","12/11/2019","11-DEC-19 05.45.14.995016 AM","LOWCODE","11-DEC-19 05.45.14.995057 AM","LOWCODE"
"5","MEIYU","Mei Yu","mei.yu@email.com","I have extensive experience in all aspects of application development. If you need help then come and see me.","team_member_05.jpg","[datatype]","image/jpeg","","12/11/2019","11-DEC-19 05.45.14.996666 AM","LOWCODE","11-DEC-19 05.45.14.996707 AM","LOWCODE"
"6","MADY","Madison Smith","madison.smith@email.com","Mady to my friends - I love being creative and coming up with beautiful solutions.","team_member_06.jpg","[datatype]","image/jpeg","","12/11/2019","11-DEC-19 05.45.14.998118 AM","LOWCODE","11-DEC-19 05.45.14.998160 AM","LOWCODE"
"7","TKING","Tyson King","alonso.king@email.com","No problem too big, no problem too small!","team_member_07.jpg","[datatype]","image/jpeg","","12/11/2019","11-DEC-19 05.45.14.999478 AM","LOWCODE","11-DEC-19 05.45.14.999529 AM","LOWCODE"
"8","DJ","Daniel James Lee","daniel.lee@email.com","I am a DJ, I am what I say. If you ask me a question and I don't answer, it is not because I'm rude, it is probably because I have my earbuds in and am rocking out to some gangsta rap.","team_member_08.jpg","[datatype]","image/jpeg","","12/11/2019","11-DEC-19 05.45.15.003281 AM","LOWCODE","11-DEC-19 05.45.15.003349 AM","LOWCODE"
"9","THEBROCK","Brock Shilling","brock.shilling@email.com","I am your man! Let me solve that for you.","team_member_09.jpg","[datatype]","image/jpeg","","12/11/2019","11-DEC-19 05.45.15.004905 AM","LOWCODE","11-DEC-19 05.45.15.004954 AM","LOWCODE"
"10","MIYAZAKI","Miyazaki Yokohama","miyazaki.yokohama@email.com","My motto is to lead by example. I run a tight ship where everyone knows where we are heading.","team_member_10.jpg","[datatype]","image/jpeg","","12/11/2019","11-DEC-19 05.45.15.006344 AM","LOWCODE","11-DEC-19 05.45.15.006392 AM","LOWCODE"
"11","BERNIE","Bernard Jackman","bernard.jackman@email.com","I am a great believer in the fact there is no ""i"" in TEAM.","team_member_11.jpg","[datatype]","image/jpeg","","12/11/2019","11-DEC-19 05.45.15.007772 AM","LOWCODE","11-DEC-19 05.45.15.007812 AM","LOWCODE"
"12","HARRY","Harold Youngblood","harold.youngblood@email.com","Providing I have my soy latte, falafel, and my MacBook - Bring It!","team_member_12.jpg","[datatype]","image/jpeg","","12/11/2019","11-DEC-19 05.45.15.009112 AM","LOWCODE","11-DEC-19 05.45.15.009160 AM","LOWCODE"
